﻿<?xml version="1.0" encoding="utf-8"?>
<RoleModel xmlns:xsi="http://www.w3.org/2001/XMLSchema-instance" xmlns:xsd="http://www.w3.org/2001/XMLSchema" name="WCFServiceWebRole1" version="2.6.6496.2" xmlns="http://schemas.microsoft.com/ServiceHosting/2008/10/ServiceDefinition">
  <Startup>
    <Task commandLine="DiagnosticsPluginLauncher.exe" taskType="background" relativePath="plugins\Diagnostics">
      <Environment>
        <Variable name="IsEmulated" value="true" />
        <Variable name="RdModuleName" value="Diagnostics" />
        <Variable name="WaRoleType" value="IISWebRole" />
      </Environment>
    </Task>
  </Startup>
  <Runtime>
    <EntryPoint>
      <NetFxEntryPoint assemblyName="WCFServiceWebRole1.dll" targetFrameworkVersion="v4.0" />
    </EntryPoint>
  </Runtime>
  <Properties>
    <Property name="TargetFrameworkVersion" value="v4.5.1" />
    <Property name="RoleType" value="Web" />
    <Property name="RoleName" value="WCFServiceWebRole1" />
    <Property name="ProjectName" value="WCFServiceWebRole1" />
    <Property name="Configuration" value="Debug" />
    <Property name="Platform" value="AnyCPU" />
    <Property name="SetConfiguration" value="Configuration=Debug" />
    <Property name="SetPlatform" value="Platform=AnyCPU" />
    <Property name="RoleTargetFramework" value="v4.5.1" />
    <Property name="OutputDir" value="C:\Users\carmenau\Documents\Visual Studio 2015\Projects\WCFEarthquakeService\WCFEarthquakeService\obj\Debug\WCFServiceWebRole1\" />
    <Property name="EntryPoint" value="WCFServiceWebRole1.dll" />
    <Property name="SourceDir" value="C:\Users\carmenau\Documents\Visual Studio 2015\Projects\WCFEarthquakeService\WCFServiceWebRole1\" />
    <Property name="SitePhysicalPath" value="C:\Users\carmenau\Documents\Visual Studio 2015\Projects\WCFEarthquakeService\WCFServiceWebRole1\" />
    <Property name="TargetRuntimeVersion" value="v4.0" />
  </Properties>
  <Sites>
    <Site name="Web" physicalDirectory="C:\Users\carmenau\Documents\Visual Studio 2015\Projects\WCFEarthquakeService\WCFServiceWebRole1\">
      <Bindings>
        <Binding name="Endpoint1" endpointName="Endpoint1" />
      </Bindings>
    </Site>
  </Sites>
</RoleModel>