time,latitude,longitude,depth,mag,magType,nst,gap,dmin,rms,net,id,updated,place,type
2015-07-11T15:07:24.000Z,58.1239,-154.2301,48.8,2.8,ml,,,,0.59,ak,ak11644734,2015-07-11T15:24:55.328Z,"66km NNW of Larsen Bay, Alaska",earthquake
2015-07-11T14:22:21.000Z,63.055,-149.6654,89.1,2.6,ml,,,,0.74,ak,ak11644725,2015-07-11T14:39:36.541Z,"51km SW of Cantwell, Alaska",earthquake
2015-07-11T13:46:41.790Z,-5.7259,130.9834,92.85,4.7,mb,,79,2.263,0.85,us,us20002wsg,2015-07-11T14:00:48.441Z,"195km W of Tual, Indonesia",earthquake
2015-07-11T11:27:01.110Z,43.8513,148.0149,46.77,5.4,mb,,76,3.922,0.68,us,us20002wsa,2015-07-11T11:47:44.341Z,"104km E of Shikotan, Russia",earthquake
2015-07-11T11:21:16.000Z,60.8967,-147.5725,13.9,2.5,ml,,,,0.8,ak,ak11644666,2015-07-11T11:40:53.917Z,"61km ENE of Whittier, Alaska",earthquake
2015-07-11T10:56:49.900Z,19.5081,-65.6427,85,3.3,Md,4,316.8,1.24057341,0.07,pr,pr15192003,2015-07-11T12:43:59.574Z,"121km N of Vieques, Puerto Rico",earthquake
2015-07-11T09:58:51.600Z,18.9179,-64.984,28,2.9,Md,5,252,0.56324368,0.07,pr,pr15192002,2015-07-11T12:17:51.392Z,"64km N of Charlotte Amalie, U.S. Virgin Islands",earthquake
2015-07-11T09:38:20.000Z,59.6929,-151.4051,48.9,2.5,ml,,,,0.7,ak,ak11644626,2015-07-11T09:57:37.821Z,"7km SW of Fritz Creek, Alaska",earthquake
2015-07-11T09:23:35.530Z,36.0411,-97.1131,4.44,3.8,mb_lg,,18,0.238,0.53,us,us20002wrz,2015-07-11T16:40:32.917Z,"9km SSW of Stillwater, Oklahoma",earthquake
2015-07-11T08:48:12.400Z,18.9944,-65.351,16,3.1,Md,15,230.4,0.68631288,0.33,pr,pr15192001,2015-07-11T09:14:34.289Z,"76km N of Culebra, Puerto Rico",earthquake
2015-07-11T07:32:21.560Z,13.8722,-45.5289,10,5,mb,,79,13.665,0.99,us,us20002wrh,2015-07-11T15:34:56.974Z,"Northern Mid-Atlantic Ridge",earthquake
2015-07-11T06:40:43.070Z,35.7509,-97.3884,5,2.8,mb_lg,,68,0.07,0.63,us,us20002wrd,2015-07-11T14:32:29.870Z,"13km NE of Edmond, Oklahoma",earthquake
2015-07-11T04:18:04.000Z,51.3537,-173.7767,17.7,2.6,ml,,,,0.37,ak,ak11644548,2015-07-11T12:20:45.127Z,"98km SSE of Atka, Alaska",earthquake
2015-07-11T03:03:25.770Z,-5.0835,153.6155,40.08,4.9,mb,,73,1.697,1.19,us,us20002wqq,2015-07-11T11:05:59.439Z,"93km SE of Taron, Papua New Guinea",earthquake
2015-07-11T02:50:08.000Z,53.4934,172.5367,42.7,3.9,ml,,,,0.95,ak,ak11644529,2015-07-11T10:52:51.743Z,"84km NNW of Attu Station, Alaska",earthquake
2015-07-11T02:49:49.820Z,52.1316,170.3741,21.11,4.2,mb,,188,2.36,0.82,us,us20002wqk,2015-07-11T10:52:25.907Z,"206km WSW of Attu Station, Alaska",earthquake
2015-07-11T02:28:20.911Z,41.8638,-119.6506,8.9234,2.61,ml,5,222.29,0.141,0.0917,nn,nn00501479,2015-07-11T14:57:00.846Z,"67km ESE of Lakeview, Oregon",earthquake
2015-07-11T01:53:58.540Z,-4.8991,153.5473,60.95,5.2,mb,,53,1.548,1.01,us,us20002wqc,2015-07-11T09:56:42.337Z,"74km SE of Taron, Papua New Guinea",earthquake
2015-07-11T01:21:19.710Z,36.2898,-97.5292,1.29,3,mb_lg,,61,0.424,0.48,us,us20002wqa,2015-07-11T09:23:46.864Z,"21km W of Perry, Oklahoma",earthquake
2015-07-11T00:56:52.660Z,36.2836,-97.5331,3.12,3.4,mb_lg,,35,0.425,0.48,us,us20002wq4,2015-07-11T14:14:58.057Z,"22km W of Perry, Oklahoma",earthquake
2015-07-11T00:11:34.230Z,51.8958,178.4846,99.4,4.8,mb,,68,0.726,0.83,us,us20002wpw,2015-07-11T08:14:12.780Z,"6km SSW of Little Sitkin Island, Alaska",earthquake
2015-07-10T23:51:14.720Z,15.9494,-96.738,25.66,4.6,mb,,178,2.375,0.76,us,us20002wps,2015-07-11T00:16:48.452Z,"36km ENE of Puerto Escondido, Mexico",earthquake
2015-07-10T23:09:17.080Z,36.6388,-98.2688,5,3.9,mwr,,39,0.171,0.55,us,us20002wp9,2015-07-11T16:06:14.627Z,"10km N of Helena, Oklahoma",earthquake
2015-07-10T21:13:01.110Z,27.7513,86.1037,10,4.3,mb,,101,5.587,0.58,us,us20002wnl,2015-07-11T05:15:42.307Z,"27km SE of Kodari, Nepal",earthquake
2015-07-10T17:56:56.670Z,55.9981,164.6823,13.38,4.4,mb,,115,4.608,0.63,us,us20002wmn,2015-07-11T14:38:22.537Z,"121km NW of Nikol'skoye, Russia",earthquake
